DROP TABLE IF EXISTS tbl1;
DROP TABLE IF EXISTS tbl2;
DROP DATABASE IF EXISTS cus_test;
CREATE DATABASE cus_test;
USE cus_test;
CREATE TABLE tbl1 (
col1_1 INT(6) UNSIGNED AUTO_INCREMENT PRIMARY KEY,
col1_2 INT(6) NOT NULL,
col1_3 INT(6) NOT NULL,
col1_4 INT(6) NOT NULL);
Warnings:
Warning	1681	Integer display width is deprecated and will be removed in a future release.
Warning	1681	Integer display width is deprecated and will be removed in a future release.
Warning	1681	Integer display width is deprecated and will be removed in a future release.
Warning	1681	Integer display width is deprecated and will be removed in a future release.
INSERT INTO tbl1 (col1_2, col1_3, col1_4) VALUES (2, 3, 4);
INSERT INTO tbl1 (col1_2, col1_3, col1_4) VALUES (3, 4, 5);
INSERT INTO tbl1 (col1_2, col1_3, col1_4) VALUES (4, 5, 6);
CREATE TABLE tbl2 (col2_1 INT(6) NOT NULL, col2_2 INT(6) NOT NULL);
Warnings:
Warning	1681	Integer display width is deprecated and will be removed in a future release.
Warning	1681	Integer display width is deprecated and will be removed in a future release.
INSERT INTO tbl2 (col2_1, col2_2) VALUES (2, 3);
CREATE TABLE tbl3 (
col1_1 INT(6) UNSIGNED AUTO_INCREMENT PRIMARY KEY,
col1_2 INT(6) NOT NULL,
col3_3 INT(6) NOT NULL);
Warnings:
Warning	1681	Integer display width is deprecated and will be removed in a future release.
Warning	1681	Integer display width is deprecated and will be removed in a future release.
Warning	1681	Integer display width is deprecated and will be removed in a future release.
INSERT INTO tbl3 (col1_2, col3_3) VALUES (2, 83);
INSERT INTO tbl3 (col1_2, col3_3) VALUES (3, 84);
INSERT INTO tbl3 (col1_2, col3_3) VALUES (4, 85);
set global column_stats_control = ON;
SELECT col1_1, col2_2 FROM tbl1 INNER JOIN tbl2 ON col1_2 = col2_2 WHERE col1_1 IN (1, 2, 3);
col1_1	col2_2
2	3
SELECT * FROM tbl1 NATURAL JOIN tbl3;
col1_1	col1_2	col1_3	col1_4	col3_3
1	2	3	4	83
2	3	4	5	84
3	4	5	6	85
SELECT col1_1, col2_2 FROM tbl1 STRAIGHT_JOIN tbl2 ON col1_2 = col2_2;
col1_1	col2_2
2	3
SELECT * FROM tbl1 JOIN tbl3 USING (col1_2);
col1_2	col1_1	col1_3	col1_4	col1_1	col3_3
2	1	3	4	1	83
3	2	4	5	2	84
4	3	5	6	3	85
SELECT tbl1.col1_1, tbl2.col2_2 FROM tbl1, tbl2 WHERE tbl1.col1_2 IN (1, 2, 3);
col1_1	col2_2
1	3
2	3
SELECT tbl1.col1_1, tbl2.col2_2 FROM tbl1 JOIN tbl2 ON tbl1.col1_2 = col2_2 WHERE tbl1.col1_2 IN (1, 2, 3);
col1_1	col2_2
2	3
SELECT tbl1.col1_1, tbl2.col2_2 FROM tbl1 JOIN tbl2 ON tbl1.col1_2 > col2_2;
col1_1	col2_2
3	3
SELECT * FROM (tbl1, tbl2) JOIN tbl3 ON (tbl1.col1_1 = tbl3.col1_1);
col1_1	col1_2	col1_3	col1_4	col2_1	col2_2	col1_1	col1_2	col3_3
1	2	3	4	2	3	1	2	83
2	3	4	5	2	3	2	3	84
3	4	5	6	2	3	3	4	85
SELECT tbl1.col1_1, col2_2 FROM tbl1, (SELECT * FROM tbl2 WHERE col2_2 = 3) t2 WHERE col2_1 = 2 AND col1_2 > 0;
col1_1	col2_2
1	3
2	3
3	3
SELECT tbl1.col1_1, t.col2_2 FROM tbl1 INNER JOIN (SELECT col2_1, col2_2 FROM tbl2 WHERE col2_1 > 0) t ON col1_2 = col2_2
WHERE tbl1.col1_2 IN (1,2,3) AND t.col2_2 <> 0;
col1_1	col2_2
2	3
SELECT COUNT(DISTINCT SQL_ID) FROM performance_schema.column_statistics;
COUNT(DISTINCT SQL_ID)
10
SELECT SQL_ID, TABLE_SCHEMA, TABLE_NAME, COLUMN_NAME, SQL_OPERATION, OPERATOR_TYPE
FROM performance_schema.column_statistics;
SQL_ID	TABLE_SCHEMA	TABLE_NAME	COLUMN_NAME	SQL_OPERATION	OPERATOR_TYPE
09b7ec16c096475d2c752912eb5e610dcdf0374896c75f189cb0568860b60a03	cus_test	tbl1	col1_2	FILTER	GREATER_THAN
09b7ec16c096475d2c752912eb5e610dcdf0374896c75f189cb0568860b60a03	cus_test	tbl2	col2_2	FILTER	GREATER_THAN
1cbdb91059f0a7b13c8d0968f6de2d68e58f8f0a3d2b87ac1368e5a09d7f7911	cus_test	tbl1	col1_1	FILTER	SET_MEMBERSHIP
1cbdb91059f0a7b13c8d0968f6de2d68e58f8f0a3d2b87ac1368e5a09d7f7911	cus_test	tbl1	col1_2	FILTER	EQUAL
1cbdb91059f0a7b13c8d0968f6de2d68e58f8f0a3d2b87ac1368e5a09d7f7911	cus_test	tbl2	col2_2	FILTER	EQUAL
2293beada052cd8a1e5f69e6bb4944332352f75dbdc05ac9c1ca4fd1c2bb1850	cus_test	tbl1	col1_1	FILTER	EQUAL
2293beada052cd8a1e5f69e6bb4944332352f75dbdc05ac9c1ca4fd1c2bb1850	cus_test	tbl1	col1_2	FILTER	EQUAL
2293beada052cd8a1e5f69e6bb4944332352f75dbdc05ac9c1ca4fd1c2bb1850	cus_test	tbl3	col1_1	FILTER	EQUAL
2293beada052cd8a1e5f69e6bb4944332352f75dbdc05ac9c1ca4fd1c2bb1850	cus_test	tbl3	col1_2	FILTER	EQUAL
298f7fbe1634f03689dfc6194e0c0363fa327009d4b974bc0696e8f8b37a6cd5	cus_test	tbl1	col1_2	FILTER	EQUAL
298f7fbe1634f03689dfc6194e0c0363fa327009d4b974bc0696e8f8b37a6cd5	cus_test	tbl2	col2_2	FILTER	EQUAL
549c63e6f6dc625803582b03b1e681653df940ec9a9d0c0b10fa35986c6ddf6d	cus_test	tbl1	col1_1	FILTER	EQUAL
549c63e6f6dc625803582b03b1e681653df940ec9a9d0c0b10fa35986c6ddf6d	cus_test	tbl3	col1_1	FILTER	EQUAL
8c04724bb259990f1563868af40af877cca44dcde768326bcc360a7a12718ca1	cus_test	tbl1	col1_2	FILTER	SET_MEMBERSHIP
9325ae5a7cd6990782bda86a701f58e2e9e87c58b6b37794821aa4657b7c004f	cus_test	tbl1	col1_2	FILTER	EQUAL
9325ae5a7cd6990782bda86a701f58e2e9e87c58b6b37794821aa4657b7c004f	cus_test	tbl1	col1_2	FILTER	SET_MEMBERSHIP
9325ae5a7cd6990782bda86a701f58e2e9e87c58b6b37794821aa4657b7c004f	cus_test	tbl2	col2_1	FILTER	GREATER_THAN
9614925e703a0a667dd94a8bd1dcc6dd70255bcea216190d4c067ed6483b306c	cus_test	tbl1	col1_2	FILTER	EQUAL
9614925e703a0a667dd94a8bd1dcc6dd70255bcea216190d4c067ed6483b306c	cus_test	tbl1	col1_2	FILTER	SET_MEMBERSHIP
9614925e703a0a667dd94a8bd1dcc6dd70255bcea216190d4c067ed6483b306c	cus_test	tbl2	col2_2	FILTER	EQUAL
96fe129af37df571eed6dc754a7535b75166798268bae70db615d7d92d52b84f	cus_test	tbl1	col1_2	FILTER	EQUAL
96fe129af37df571eed6dc754a7535b75166798268bae70db615d7d92d52b84f	cus_test	tbl3	col1_2	FILTER	EQUAL
d637cf7e0b8eb11bedc25aef1b893645457d40b794637711b322a69e43b64e97	cus_test	tbl1	col1_2	FILTER	GREATER_THAN
d637cf7e0b8eb11bedc25aef1b893645457d40b794637711b322a69e43b64e97	cus_test	tbl2	col2_2	FILTER	EQUAL
set global column_stats_control = OFF_HARD;
DROP TABLE tbl1;
DROP TABLE tbl2;
DROP TABLE tbl3;
DROP DATABASE cus_test;
