DROP TABLE IF EXISTS tbl1;
DROP TABLE IF EXISTS tbl2;
DROP DATABASE IF EXISTS cus_test;
CREATE DATABASE cus_test;
USE cus_test;
CREATE TABLE tbl1 (
col1_1 INT(6) UNSIGNED AUTO_INCREMENT PRIMARY KEY,
col1_2 INT(6) NOT NULL,
col1_3 INT(6) NOT NULL,
col1_4 INT(6) NOT NULL);
Warnings:
Warning	1681	Integer display width is deprecated and will be removed in a future release.
Warning	1681	Integer display width is deprecated and will be removed in a future release.
Warning	1681	Integer display width is deprecated and will be removed in a future release.
Warning	1681	Integer display width is deprecated and will be removed in a future release.
INSERT INTO tbl1 (col1_2, col1_3, col1_4) VALUES (2, 3, 4);
INSERT INTO tbl1 (col1_2, col1_3, col1_4) VALUES (3, 4, 5);
INSERT INTO tbl1 (col1_2, col1_3, col1_4) VALUES (4, 5, 6);
CREATE TABLE tbl2 (col2_1 INT(6) NOT NULL, col2_2 INT(6) NOT NULL);
Warnings:
Warning	1681	Integer display width is deprecated and will be removed in a future release.
Warning	1681	Integer display width is deprecated and will be removed in a future release.
INSERT INTO tbl2 (col2_1, col2_2) VALUES (2, 3);
CREATE TABLE tbl3 (
col1_1 INT(6) UNSIGNED AUTO_INCREMENT PRIMARY KEY,
col1_2 INT(6) NOT NULL,
col3_3 INT(6) NOT NULL);
Warnings:
Warning	1681	Integer display width is deprecated and will be removed in a future release.
Warning	1681	Integer display width is deprecated and will be removed in a future release.
Warning	1681	Integer display width is deprecated and will be removed in a future release.
INSERT INTO tbl3 (col1_2, col3_3) VALUES (2, 83);
INSERT INTO tbl3 (col1_2, col3_3) VALUES (3, 84);
INSERT INTO tbl3 (col1_2, col3_3) VALUES (4, 85);
set global column_stats_control = ON;
SELECT col1_1, col1_2 FROM tbl1 WHERE col1_2 IN (1, 4, 3) UNION SELECT col2_1, col2_2 FROM tbl2 WHERE col2_1 > 4 AND col2_2 <= 5;
col1_1	col1_2
2	3
3	4
SELECT col1_1, col1_2 FROM tbl1 WHERE col1_2 NOT IN (81, 4, 7) UNION
SELECT col2_1, col2_2 FROM tbl2 WHERE col2_1 > 4 AND col2_2 <= 5 UNION ALL
SELECT col1_2, col3_3 FROM tbl3 WHERE col1_1 IS NOT NULL;
col1_1	col1_2
1	2
2	3
2	83
3	84
4	85
SELECT COUNT(DISTINCT SQL_ID) FROM performance_schema.column_statistics;
COUNT(DISTINCT SQL_ID)
2
SELECT SQL_ID, TABLE_SCHEMA, TABLE_NAME, COLUMN_NAME, SQL_OPERATION, OPERATOR_TYPE
FROM performance_schema.column_statistics;
SQL_ID	TABLE_SCHEMA	TABLE_NAME	COLUMN_NAME	SQL_OPERATION	OPERATOR_TYPE
42865c1e7f14e1ec9708df269cf59cec4eaf3a7cdac7442b5cf6cc4b10e4024b	cus_test	tbl1	col1_2	FILTER	SET_MEMBERSHIP
42865c1e7f14e1ec9708df269cf59cec4eaf3a7cdac7442b5cf6cc4b10e4024b	cus_test	tbl2	col2_1	FILTER	GREATER_THAN
42865c1e7f14e1ec9708df269cf59cec4eaf3a7cdac7442b5cf6cc4b10e4024b	cus_test	tbl2	col2_2	FILTER	LESS_THAN_EQUAL
42865c1e7f14e1ec9708df269cf59cec4eaf3a7cdac7442b5cf6cc4b10e4024b	cus_test	tbl3	col1_1	FILTER	NULL_CHECK
44485d9a7b281bb939515e7bb3a658e81ebbeecfd4a5b13469e79a7327e31bbf	cus_test	tbl1	col1_2	FILTER	SET_MEMBERSHIP
44485d9a7b281bb939515e7bb3a658e81ebbeecfd4a5b13469e79a7327e31bbf	cus_test	tbl2	col2_1	FILTER	GREATER_THAN
44485d9a7b281bb939515e7bb3a658e81ebbeecfd4a5b13469e79a7327e31bbf	cus_test	tbl2	col2_2	FILTER	LESS_THAN_EQUAL
set global column_stats_control = OFF_HARD;
DROP TABLE tbl1;
DROP TABLE tbl2;
DROP TABLE tbl3;
DROP DATABASE cus_test;
